{"stat.flyOneCm":496628,"stat.useItem.276":12,"stat.deaths":1,"stat.walkOneCm":7135,"stat.drop":9,"stat.jump":43,"stat.playOneMinute":57809,"stat.fallOneCm":3228,"achievement.openInventory":1,"stat.leaveGame":1,"stat.damageTaken":280,"stat.damageDealt":1320,"stat.mineBlock.3":4,"stat.mineBlock.175":1,"stat.killEntity.Zombie":1,"stat.killEntity.Cow":1,"stat.mobKills":6,"achievement.exploreAllBiomes":{"value":0,"progress":["Roofed Forest","Extreme Hills M","Taiga M","Plains","Beach","FrozenRiver","Mega Taiga Hills","Ice Plains","River","Ocean","Taiga","Mega Taiga","Extreme Hills","Swampland"]},"stat.killEntity.Creeper":4}