{"stat.useItem.276":13,"stat.walkOneCm":41381,"stat.useItem.279":9,"achievement.openInventory":9,"stat.useItem.259":2,"stat.leaveGame":1,"stat.damageTaken":860,"stat.mineBlock.3":7,"stat.mineBlock.175":1,"stat.mobKills":7,"stat.killEntity.Creeper":4,"stat.flyOneCm":621893,"stat.deaths":3,"stat.mineBlock.18":4,"stat.drop":15,"stat.mineBlock.17":2,"stat.jump":116,"stat.playOneMinute":69471,"stat.fallOneCm":6524,"stat.useItem.1":10,"stat.useItem.3":2,"stat.damageDealt":1610,"stat.killEntity.Zombie":1,"achievement.mineWood":1,"stat.killEntity.Cow":1,"achievement.exploreAllBiomes":{"value":0,"progress":["Roofed Forest","Extreme Hills M","Taiga M","Plains","TaigaHills","Beach","FrozenRiver","Mega Taiga Hills","Ice Plains","River","Ocean","Taiga","Mega Taiga","Extreme Hills","Swampland"]}}